DEPT,DT,RHOB,NPHI,SFLU,SFLA,ILM,ILD
1670.0000000000000000,123.4500000000000028,2550.0000000000000000,0.4500000000000000,123.4500000000000028,123.4500000000000028,110.2000000000000028,5.5999999999999996
1669.8750000000000000,123.4500000000000028,2550.0000000000000000,0.4500000000000000,123.4500000000000028,123.4500000000000028,110.2000000000000028,5.5999999999999996
1669.7500000000000000,123.4500000000000028,2550.0000000000000000,0.4500000000000000,123.4500000000000028,123.4500000000000028,110.2000000000000028,105.5999999999999943
